-- phpMyAdmin SQL Dump
-- version 4.7.3
-- https://www.phpmyadmin.net/
--
-- Hôte : localhost:8889
-- Généré le :  mer. 28 mars 2018 à 12:12
-- Version du serveur :  5.6.35
-- Version de PHP :  7.1.8

SET SQL_MODE = "NO_AUTO_VALUE_ON_ZERO";
SET time_zone = "+00:00";

--
-- Base de données :  `bibliotheque`
--

-- --------------------------------------------------------

--
-- Structure de la table `abonne`
--

CREATE TABLE `abonne` (
  `id_abonne` int(3) NOT NULL,
  `prenom` varchar(25) COLLATE utf8mb4_unicode_ci NOT NULL
) ENGINE=InnoDB DEFAULT CHARSET=utf8mb4 COLLATE=utf8mb4_unicode_ci;

--
-- Déchargement des données de la table `abonne`
--

INSERT INTO `abonne` (`id_abonne`, `prenom`) VALUES
(1, 'Guillaume'),
(2, 'Benoit'),
(3, 'Chloe'),
(4, 'Laura');

-- --------------------------------------------------------

--
-- Structure de la table `emprunt`
--

CREATE TABLE `emprunt` (
  `id_emprunt` int(3) NOT NULL,
  `id_livre` int(3) NOT NULL,
  `id_abonne` int(3) NOT NULL,
  `date_sortie` date NOT NULL,
  `date_rendu` date DEFAULT NULL
) ENGINE=InnoDB DEFAULT CHARSET=utf8mb4 COLLATE=utf8mb4_unicode_ci;

--
-- Déchargement des données de la table `emprunt`
--

INSERT INTO `emprunt` (`id_emprunt`, `id_livre`, `id_abonne`, `date_sortie`, `date_rendu`) VALUES
(1, 100, 1, '2011-12-17', '2011-12-18'),
(2, 101, 2, '2011-12-18', '2012-12-20'),
(3, 100, 3, '2011-12-19', '2011-12-22'),
(4, 103, 4, '2011-12-19', '2011-12-22'),
(5, 104, 5, '2011-12-19', '2011-12-28'),
(6, 105, 2, '2012-03-20', '2012-03-26'),
(7, 105, 3, '2013-06-13', NULL),
(8, 100, 2, '2013-06-15', NULL);

-- --------------------------------------------------------

--
-- Structure de la table `livre`
--

CREATE TABLE `livre` (
  `id_livre` int(3) NOT NULL,
  `auteur` varchar(25) COLLATE utf8mb4_unicode_ci NOT NULL,
  `titre` varchar(50) COLLATE utf8mb4_unicode_ci NOT NULL
) ENGINE=InnoDB DEFAULT CHARSET=utf8mb4 COLLATE=utf8mb4_unicode_ci;

--
-- Déchargement des données de la table `livre`
--

INSERT INTO `livre` (`id_livre`, `auteur`, `titre`) VALUES
(100, 'GUY DE MAUPASSANT', 'Une vie'),
(101, 'GUY DE MAUPASSANT', 'Bel-Ami'),
(102, 'HONORE DE BALZAC', 'Le Pere Goriot'),
(103, 'ALPHONSE DAUDET', 'La petite chose'),
(104, 'ALEXANDRE DUMAS', 'La reine margot'),
(105, 'ALEXANDRE DUMAS', 'Les trois mousquetaires');

--
-- Index pour les tables déchargées
--

--
-- Index pour la table `abonne`
--
ALTER TABLE `abonne`
  ADD PRIMARY KEY (`id_abonne`);

--
-- Index pour la table `emprunt`
--
ALTER TABLE `emprunt`
  ADD PRIMARY KEY (`id_emprunt`);

--
-- Index pour la table `livre`
--
ALTER TABLE `livre`
  ADD PRIMARY KEY (`id_livre`);

--
-- AUTO_INCREMENT pour les tables déchargées
--

--
-- AUTO_INCREMENT pour la table `abonne`
--
ALTER TABLE `abonne`
  MODIFY `id_abonne` int(3) NOT NULL AUTO_INCREMENT, AUTO_INCREMENT=38;
--
-- AUTO_INCREMENT pour la table `emprunt`
--
ALTER TABLE `emprunt`
  MODIFY `id_emprunt` int(3) NOT NULL AUTO_INCREMENT, AUTO_INCREMENT=10;
--
-- AUTO_INCREMENT pour la table `livre`
--
ALTER TABLE `livre`
  MODIFY `id_livre` int(3) NOT NULL AUTO_INCREMENT, AUTO_INCREMENT=107;